plotID,TreeKey,SpeciesAbbrev,Azimuth,Distance,CrownWidth1,CrownWidth2,CrownOffsetAzimuth,CrownOffsetDistance,Z
211,36062,Sb,2.7,0.7,4.22,3.67,0,0,14.9
211,36063,Sb,15.2,2.9,2.53,2.1,0,0,12.6
211,36064,Sb,42.8,5.5,2.91,2.81,0,0,15.8
211,36065,Sb,15,6.3,3.33,3.23,0,0,13.4
211,36066,Bw,14.9,6.6,3.05,2.27,0,0,8
211,36068,Sb,17.8,8.1,3.01,2.53,0,0,8.3
211,36069,Sb,41.7,7.8,2.55,1.91,0,0,11.7
211,36070,Bw,42.5,9.7,3.9,3.02,0,0,11.2
211,36071,Sb,33.9,8.5,2.4,2.49,0,0,12.5
211,36072,Sb,35,8.7,2.21,1.56,0,0,8.3
211,36073,Sb,35.2,11.2,1.93,2.48,0,0,11.2
211,36074,Sb,52.7,3.6,2.46,2.6,0,0,12.2
211,36075,Sb,65.5,4.4,3.01,3,0,0,12.8
211,36076,Sb,53.2,5.3,2.12,2.08,0,0,13.4
211,36077,Sb,70.1,5.3,2.66,2.9,0,0,10.4
211,36078,Sb,54.8,6.9,2.45,2.11,0,0,12.1
211,36079,Bw,48.6,7.1,4.35,4.8,0,0,9.7
211,36080,Sb,58.8,9.7,3.83,2.8,0,0,13.5
211,36081,Sb,57.5,9.2,4.91,5.02,0,0,17.3
211,36082,Bw,80.6,6.6,5.33,4.3,0,0,13.3
211,36083,Sb,69,8.9,1.67,1.55,0,0,9.6
211,36084,Sb,75.6,9.6,2.5,3.17,0,0,10.8
211,36085,Sb,82.1,10.01,4.2,4.55,0,0,19.7
211,36086,Sb,78.3,9.52,3.15,2.29,0,0,10.9
211,36087,Sb,91.5,9.35,NA,NA,0,0,11
211,36088,Sb,93.7,10.82,1.48,1.77,0,0,10.2
211,36089,Sb,105.9,4.35,4.18,4.1,0,0,12.5
211,36090,Sb,125.8,7.8,3.11,2.39,0,0,14.7
211,36091,Bw,118.5,7.36,4.7,4.02,0,0,10.8
211,36092,Bf,108.2,8.12,3.39,2.84,0,0,6.2
211,36093,Sb,101,9.71,3.87,2.74,0,0,12.1
211,36094,Bw,123.4,8.5,5.46,4.18,0,0,10.9
211,36095,Sb,132.6,10.98,1.91,1.7,0,0,12.7
211,36096,Sb,105.3,10.96,2.25,2.35,0,0,13.1
211,36097,Bw,101.8,11.27,2.94,2.63,0,0,11
211,36098,Sb,140.3,0.99,3.08,3.2,0,0,11.1
211,36099,Sb,183.7,3.91,4.33,3.71,0,0,14.6
211,36100,Sb,176.3,4.25,3.88,2.21,0,0,11.6
211,36101,Sb,166.8,4.85,2.71,1.51,0,0,11.5
211,36102,Sb,156.9,5.47,3.64,1.91,0,0,14.8
211,36103,Sb,157.2,5.72,2.61,1.73,0,0,14
211,36104,Sb,136.8,5.95,2.66,2.75,0,0,15
211,36105,Sb,143.8,6.84,4.3,2.88,0,0,15.9
211,36106,Sb,145,7.5,4.13,3.79,0,0,16.4
211,36107,Sw,140.1,9.33,1.45,0.92,0,0,6.6
211,36108,Sb,136.8,10.18,2.78,2.04,0,0,11.3
211,36109,Sb,161.8,8.9,4.07,3.58,0,0,15.1
211,36110,Sb,182.2,8.62,3.25,2.7,0,0,7.8
211,36111,Bw,228.2,6.45,8.7,6.63,0,0,14.8
211,36112,Sb,230.5,7.42,2.69,1.88,0,0,12
211,36113,Sb,236.2,8.04,3.96,3.71,0,0,16.3
211,36114,Sb,231.9,8.39,2.5,2.13,0,0,15.5
211,36115,Sw,221.5,8.42,2.61,1.84,0,0,12.3
211,36116,Sb,215.4,10.99,NA,NA,0,0,13
211,36117,Bf,210,10.89,3.98,3.53,0,0,8.2
211,36118,Sb,191.5,10.76,4.61,4.22,0,0,14.6
211,36119,Sb,288.9,3.26,3.88,3.08,0,0,11.4
211,36120,Sb,290.1,6.49,2.77,2.6,0,0,9.4
211,36121,Sb,278.1,7.09,2.21,1.63,0,0,10.4
211,36122,Sb,279.1,7.6,1.59,2.69,0,0,15.8
211,36123,Sb,272,8.16,4.29,4.6,0,0,15.1
211,36124,Sb,265.9,10.04,3.21,3.47,0,0,12.2
211,36125,Sb,268.5,10.35,4.05,3.29,0,0,13.4
211,36126,Sb,305.5,1.97,4.17,2.51,0,0,11.7
211,36127,Sb,300.1,2.72,2.82,2.63,0,0,10.7
211,36128,Sb,305,5.02,3.2,3.48,0,0,14.4
211,36129,Sb,321.7,5.17,3.14,3.05,0,0,12.7
211,36130,Sb,297.3,9.14,5.71,4.17,0,0,17.4
211,36131,Sb,335.1,3.91,2.92,1.73,0,0,12.8
211,36132,Sb,336.8,4.34,2.25,1.48,0,0,13.8
211,36133,Sb,342.8,5.55,3.13,3.16,0,0,13.7
211,36134,Sb,330,6.45,1.9,2.02,0,0,7.8
211,36135,Bw,50,11.43,5.06,3.73,0,0,13.8
191,36851,Sb,16.1,2.8,1.86,1.68,0,0,9.3
191,36853,Sb,10.4,4.7,2.16,1.83,0,0,11.3
191,36856,Sb,26.7,5.4,2.37,2.17,0,0,8.4
191,36860,Sb,26.7,6.4,2.14,2.25,0,0,7.6
191,36863,Pj,16.3,7.3,3,3.36,0,0,13.3
191,36864,Pj,42.2,7.2,3.38,2.9,0,0,15.7
191,36868,Sb,2,8.9,2.04,1.69,0,0,7.1
191,36870,Sb,1.7,9.3,1.76,2.49,0,0,12.7
191,36871,Sb,8.1,9.1,2.38,3.04,0,0,14.1
191,36872,Sb,7.2,10.1,0.93,1.82,0,0,13.4
191,36873,Sb,10.5,10,2.26,1.89,0,0,7.5
191,36875,Sb,19.5,9.4,2.35,2.83,0,0,9
191,36883,Sb,51.5,4.6,2.05,2.18,0,0,7
191,36886,Sb,60,5.2,1.53,1.54,0,0,9.1
191,36896,Pj,67.4,7.9,4.4,3.2,0,0,14.6
191,36899,Sb,63.6,8.6,2.36,2.53,0,0,10.3
191,36900,Pj,77,8.2,1.99,2.51,80,2.13,13
191,36905,Sb,70.6,9.1,2.07,2.29,0,0,9.3
191,36910,Sb,48.2,7.7,1.83,2.04,0,0,9
191,36916,Sb,64,10.3,2.35,2.32,0,0,11.5
191,36923,Sb,125.6,2.9,1.52,1.68,0,0,8.1
191,36924,Pj,110.4,3.4,1.74,2.07,0,0,12.4
191,36925,Sb,98.8,3.7,1.78,1.6,0,0,9
191,36931,Pj,134.9,5.2,2.86,2,0,0,16.2
191,36932,Pj,125.2,4.5,1.77,1.86,0,0,14.9
191,36933,Pj,120,5.1,2.29,2.73,0,0,17.1
191,36937,Sb,96.3,5.4,2.49,2.31,0,0,9.75834384976234
191,36941,Sb,95,4.5,2.13,1.55,0,0,9.3
191,36946,Sb,96.7,7.3,1.99,1.7,0,0,9.9
191,36943,Sb,87,6.9,1.6,1.43,0,0,10.5
191,36948,Sb,132.8,6,2.32,2.69,0,0,7.9
191,36949,Sb,117,7.1,2.09,1.74,0,0,7
191,36951,Sb,119.1,8.4,2.53,2.2,0,0,8.1
191,36953,Pj,94,8,4.84,3.94,0,0,16.7
191,36954,Sb,88.2,8.3,2.35,1.79,0,0,8.2
191,36958,Pr,103.7,10.1,2.1,1.75,0,0,15.4
191,36960,Pj,111,9.9,2.62,1.65,0,0,13.2726933390829
191,36965,Pj,116.1,11,2.86,2.39,0,0,15.4
191,36970,Sb,173,1.1,2.42,2.7,0,0,8.9
191,36971,Sb,147,2.1,1.67,1.6,0,0,8.5
191,36977,Pj,171.6,5.1,1.09,1.05,0,0,11.2
191,36990,Pj,176.5,7.5,2.53,2.68,0,0,16.1
191,36993,Pj,180,9.1,3.11,3.23,0,0,12.8
191,36995,Pj,172.9,8.9,0.99,1.32,0,0,10.7
191,36998,Sb,148.2,10.1,1.93,1.96,0,0,8.4
191,37000,Sb,180.3,10.9,1.73,1.84,0,0,9.8
191,37006,Sb,220,6.1,2.85,2.76,0,0,13.8
191,37007,Sb,225,6.5,2.81,1.72,0,0,14.7
191,37015,Sw,210.1,9.6,2.97,2.46,0,0,8.5
191,37016,Sw,210.9,9.9,1.28,2,0,0,11.7
191,37017,Sb,223.1,8.5,1.56,1.78,0,0,14.2
191,37018,Sb,224.1,8.9,3.4,2.29,0,0,7.7
191,37019,Sb,225.5,8.8,1.74,1.34,0,0,10.8
191,37020,Sb,221.8,9.6,1.62,2.83,0,0,7.4
191,37021,Sb,269.9,3.3,2.1,2.12,0,0,8
191,37022,Pj,226.5,5,8.07,5,0,0,18.6
191,37023,Sb,228.7,5.7,2.88,0.68,74,2.59,6.5
191,37025,Pj,234.2,5.2,2.82,3.3,0,0,12
191,37030,Sb,267.8,6.6,2.05,1.98,0,0,10.5
191,37033,Sb,238.5,6.3,2.09,1.66,0,0,8.7
191,37034,Sb,245,6.4,2.73,2.19,0,0,9.1
191,37035,Sb,243.6,6.8,2.62,1.59,0,0,11.1
191,37036,Sb,247.3,7,2.28,2.21,0,0,10.1
191,37037,Sb,241.2,7.2,1.39,1.63,0,0,11.8
191,37040,Sb,248.4,7.9,2.31,2.09,0,0,11.1
191,37041,Sb,243.6,7.5,1.21,1.32,0,0,14.1
191,37043,Sb,236.3,8.1,3.45,1.77,0,0,17.8
191,37044,Sb,231.8,8.6,1.45,1.66,0,0,14.8
191,37045,Sb,230.7,8.6,2.69,2.52,0,0,6.2
191,37046,Sb,228.2,7.8,1.85,1.54,0,0,16.3
191,37047,Sb,235.6,9,2.29,3.27,0,0,13.6
191,37051,Sb,267.1,9.3,1.96,2.35,0,0,10.1
191,37060,Sb,312.2,3.6,2.56,2.67,0,0,10.7
191,37062,Sb,308.3,5,2.02,1.81,0,0,8.7
191,37063,Sw,305.2,6.1,1.81,1.64,0,0,7.4
191,37065,Pj,301.5,6.4,2.07,2.01,0,0,13
191,37068,Sb,282.8,7.4,1.63,2.05,0,0,9
191,37071,Pj,290.1,8.4,3.82,2.92,0,0,14.5
191,37075,Sb,273.1,9.8,2.49,2.15,0,0,10
191,37078,Pj,282.4,10.2,4.47,3.62,0,0,14.8
191,37081,Sb,294.2,9.7,2.27,2.17,0,0,10.2
191,37086,Sb,331.7,2.2,1.77,1.57,0,0,8.2
191,37088,Sb,345.3,2.7,1.55,1.32,0,0,8.9
191,37093,Sb,332.2,4.2,1.45,1.6,0,0,8.9
191,37096,Sb,355.3,4.1,1.71,1.62,0,0,9.2
191,37097,Sb,359.3,4.2,2.42,1.74,0,0,10.2
191,37104,Sb,324.1,6.5,1.62,1.72,0,0,9.6
191,37108,Pj,317.7,9.9,6.49,4.85,0,0,16
191,37115,Sb,341.3,8.5,1.88,1.92,0,0,9.3
191,37118,Pj,329.3,6.9,4.92,2.01,0,0,14.3
191,37119,Pj,327.9,7.1,4.92,2.01,0,0,14.2
191,37123,Sb,1.4,10.3,2.72,3.75,0,0,8.9
191,37127,Sb,330.4,10.9,2.63,3.2,0,0,12.3
191,37131,Sb,334.6,10.3,1.36,1.68,2.82,1.96,7.7
358,38495,Bw,30.4,2.26,5.45,5.05,0,0,11.6
358,38496,Bw,38.7,3.17,3.41,2.9,0,0,10.5
358,38497,Sb,9.5,2.64,2.56,1.92,0,0,12.1
358,38498,Sb,13.1,4.75,3.14,2.68,0,0,11
358,38499,Sb,32.6,5.13,2.49,2.52,0,0,10.4
358,38500,Sb,6.6,5.82,2.68,2.57,0,0,10
358,38501,Sb,25.3,6.51,3,2.87,0,0,11.2
358,38502,Sb,2.9,7.23,1.63,1.64,0,0,9
358,38503,Sb,7.5,7.33,2.54,2.46,0,0,9.3
358,38504,Sb,4.9,9.03,NA,NA,0,0,8.5
358,38505,Bw,6.6,8.67,3.5,2.97,0,0,9.4
358,38506,Sb,16.5,9.03,3.36,2.18,0,0,10
358,38507,Sb,30.4,8.01,2.57,2.38,0,0,9.9
358,38508,Sb,29.9,9.39,3,2.88,0,0,10.5
358,38509,Bw,24.5,10.76,3.84,2.56,0,0,11.6
358,38510,Bw,27.6,10.81,3.43,3.24,0,0,11.5
358,38511,Bw,66.6,3.24,3.02,3,0,0,11.1
358,38512,Sb,44.8,3.91,3.4,3.56,0,0,9.5
358,38513,Bw,52.9,5.97,3.74,3.68,0,0,10.2
358,38514,Sb,41.8,6.58,3.2,3.58,0,0,12
358,38515,Sb,66.4,6.85,3.21,3.1,0,0,10.7
358,38516,Mr,78.4,7.23,4.51,4.29,0,0,10.5
358,38517,Sb,53,7.68,3.61,3.42,0,0,11.5
358,38518,Sb,70.3,8.54,2.91,3.1,0,0,10.5
358,38519,Sb,49.6,10.22,2.68,2.71,0,0,7.2
358,38520,Sb,61.5,10.63,2.77,2.11,0,0,11.5
358,38521,Sb,73.4,10.27,3,3,0,0,10.5
358,38522,Bw,108.3,2.01,4.21,3.96,0,0,10
358,38523,Mr,111.1,4.2,4.1,3.9,0,0,10.7
358,38524,Bw,88.2,6.17,3.93,3.8,0,0,10.5
358,38525,Mr,99.1,7.44,4.93,3.85,0,0,10.1
358,38526,Mr,101.4,7.31,5.65,4.24,0,0,10.5
358,38527,Mr,113.7,7.75,3.37,3.3,0,0,10.2
358,38528,Bw,86.9,10.87,3.4,3.24,0,0,11
358,38529,Bw,87.1,10.74,5.21,5,0,0,12.6
358,38530,Bw,89.9,10.9,5.05,4.89,0,0,11
358,38531,Bw,102,11.17,4.8,4.91,0,0,10.4
358,38532,Mr,103.7,10.49,4.62,4.53,0,0,11.5
358,38533,Bw,113.4,9.22,4.4,4.22,0,0,11.5
358,38534,Bw,119.9,9.67,2.76,2.51,0,0,11
358,38535,Bw,118.7,10.71,3.66,6.56,0,0,13.6
358,38536,Mr,121.1,10.75,4.33,4,0,0,10.5
358,38537,Sb,139.4,6.46,3.94,3.95,0,0,9.4
358,38538,Bf,157.2,2.57,4.17,4.01,0,0,12.5
358,38539,Bw,167.4,4.66,3.01,2.89,0,0,9.3
358,38540,Sb,162.5,6.6,3.55,3.55,0,0,12
358,38541,Sb,128.2,7.35,2.4,2.1,0,0,8.8
358,38542,Sb,131.1,8.88,1.97,1.82,0,0,9
358,38543,Bf,134.8,8.67,2.8,2.78,0,0,12.9
358,38544,Sb,131,10.19,1.98,1.87,0,0,10.5
358,38545,Sb,138.5,9.48,3.2,3.11,0,0,10.9
358,38546,Sb,147.7,8.62,2.9,2.9,0,0,10
358,38547,Sb,168.7,7.77,2.85,2.8,0,0,9.6
358,38548,Sb,143.5,10.77,1.91,1.84,0,0,10
358,38549,Sb,152.2,9.87,2.64,2.64,0,0,9.5
358,38550,Bw,159.1,9.21,2.8,2.62,0,0,10
358,38551,Sb,160.8,10.91,2.9,2.8,0,0,9.6
358,38552,Sb,172.4,9.23,NA,NA,0,0,7
358,38553,Bw,170.1,10.93,1.96,1.96,0,0,8.6
358,38554,Bw,173.8,11.26,4.03,4.87,0,0,10.5
358,38555,Bw,176.4,11.25,3.41,3.36,0,0,10.5
358,38556,Bf,187,1.16,3.55,3.55,0,0,11
358,38557,Bf,185.3,2.82,3.19,3.24,0,0,13.5
358,38558,Sb,207.7,4.17,3.03,2.8,0,0,9.7
358,38559,Bw,195.9,4.86,2.8,2.8,0,0,10
358,38560,Sb,208.8,5.63,3.53,3.41,0,0,7.3
358,38561,Bw,221.4,6.1,3.58,3.48,0,0,11
358,38562,Sb,216,6.8,3.74,3.5,0,0,10.9
358,38563,Sb,216.1,8.43,2.76,2.53,0,0,9.5
358,38564,Sb,204.4,7.17,2.23,1.74,0,0,8
358,38565,Sb,191.5,6.57,1.14,0.9,0,0,9
358,38566,Sb,181,6.67,3.08,3.08,0,0,10.6
358,38567,Sb,194.1,8.02,1.6,1.6,0,0,7.5
358,38568,Pt,208.3,3.39,3.53,3.42,0,0,12.8
358,38569,Bw,227.5,11.03,3.45,3.33,0,0,10
358,38570,Sb,204.7,10.75,3.37,2.48,0,0,11.1
358,38571,Sb,198.9,9.81,3,2.88,0,0,9
358,38572,Sb,189,9.66,2.2,2.12,0,0,6.1
358,38573,Bw,190.1,10.74,3.1,3,0,0,9.5
358,38574,Bw,178.5,11.04,4.75,4.59,0,0,11.4
358,38575,Bf,267.7,3.16,2.45,2.45,0,0,12.5
358,38576,Bf,270,4.63,2.31,1.54,0,0,8
358,38577,Bf,271.3,7.56,2.32,2.32,0,0,10
358,38578,Bf,260.5,7.79,3.36,3.01,0,0,11.8
358,38579,Bw,251.7,6.65,3.89,3.53,0,0,10.5
358,38580,Bw,244.2,6.06,4.9,4.82,0,0,10.3
358,38581,Sb,232.2,7.24,2.8,2.74,0,0,11
358,38582,Sb,246.1,8.76,2.75,2.75,0,0,8.3
358,38583,Sb,238.3,9.4,3.44,3.28,0,0,11
358,38584,Bf,264.6,9.8,2.57,2.3,0,0,9.9
358,38585,Bf,260.2,9.13,3.27,3.2,0,0,11.5
358,38586,Bf,260.5,9.32,3.91,3.87,0,0,12.3
358,38587,Sb,253.4,9.81,2.69,2.65,0,0,9.5
358,38588,Bf,262.7,11.22,2.78,2.89,0,0,12.5
358,38589,Sb,251.2,11.19,1.6,1.6,0,0,10.5
358,38590,Bf,315.7,2.06,2.6,2.11,0,0,9.8
358,38591,Sb,320.8,4.15,3.28,3.56,0,0,13
358,38592,Bw,295.4,4.09,3.36,3.28,0,0,11
358,38593,Bf,288.9,4.81,2.99,2.87,0,0,11
358,38594,Sb,305.4,5.47,1.98,1.85,0,0,8.9
358,38595,Sb,311.4,7.48,3.24,3.49,0,0,10
358,38596,Sb,298,6.94,2.29,2.18,0,0,9.6
358,38597,Sb,283.6,5.98,2.1,2,0,0,9.5
358,38598,Bf,290.6,7.7,2.88,2.12,0,0,10.7
358,38599,Sb,295.2,8.59,3,2.87,0,0,10.5
358,38600,Bf,311.2,11.12,2.75,2.55,0,0,7.7
358,38601,Sb,297.6,10.19,2.57,2.1,0,0,10.5
358,38603,Sb,287.1,8.42,1.42,2.1,0,0,7.5
358,38604,Sb,285.6,9.65,2.98,2.65,0,0,9.6
358,38605,Bw,280.2,10.29,2.95,2.76,0,0,9.5
358,38606,Bw,334.7,1.73,3.87,4.08,0,0,10.3
358,38607,Bw,335.8,2.81,3.07,2.89,0,0,10.5
358,38608,Sb,346,5.31,2.2,3.41,196,2.42,6.3
358,38609,Sb,333.7,5.9,3.07,3,0,0,10
358,38610,Mr,348.3,7.52,4.82,3.64,0,0,10.3
358,38611,Bw,344.6,8.64,3.2,3.03,0,0,11.5
358,38612,Bw,323.5,8.75,3.63,3.42,0,0,12
358,38613,Bw,324.2,8.99,4.35,5.12,0,0,11.5
358,38614,Bw,338.4,10.35,5.15,5.75,0,0,14.2
358,38615,Bw,336.4,10.47,3.64,3.32,0,0,10.5
358,38616,Bw,336.8,10.82,4.02,3.81,0,0,13.5
358,38617,Bw,356.1,9.5,3.47,3,0,0,11
191,36876,Sb,25.2,10.8,2.63,3.18,0,0,15.3
264,39459,Pj,40,2.3,2.76,1.71,0,0,19.5
264,39460,Pj,32.5,4.4,2.44,3.18,0,0,19.6
264,39461,Pj,5,4.9,1.28,0.95,0,0,13.5
264,39462,Pj,8.2,5.1,1.8,1.11,0,0,13.5
264,39463,Pj,17,5.9,1.43,1.53,0,0,13.5
264,39464,Pj,9.9,6,2.57,2.18,0,0,18.1
264,39465,Pj,10.4,7.7,1.73,1.38,0,0,19
264,39466,Pj,4.1,9.4,1.55,1.23,0,0,17.2
264,39467,Pj,17.9,8.7,3.07,2.47,0,0,20.4
264,39468,Sb,15.4,9,1.68,2.1,0,0,10.2
264,39469,Pj,20.2,9.6,2.04,1.59,0,0,17.4
264,39470,Pj,359.2,10.5,2.79,1.82,0,0,12.9
264,39471,Pj,29.1,8.9,1.72,1.45,0,0,18.1
264,39472,Pj,27.9,10.3,1.76,1.16,0,0,17.1
264,39473,Pj,36.4,6.4,1.55,1.92,0,0,15.8
264,39474,Sb,40.3,9.8,2.57,2.16,0,0,5.6
264,39475,Pj,68.9,2.4,1.65,1.42,0,0,19.4
264,39476,Pj,75.2,4,2.98,1.86,0,0,20.6
264,39477,Pj,48.3,4.8,1.32,1.61,0,0,14.4
264,39478,Pj,53.4,6.3,0.66,0.69,0,0,14.4
264,39479,Pj,62.8,6.8,0.8,1.86,0,0,11.5
264,39480,Pt,68.7,6.9,2.92,3.28,0,0,19.5
264,39481,Pj,74.2,7.6,1.49,2.02,0,0,9.5
264,39482,Pj,83.1,6.6,NA,NA,0,0,2.2
264,39483,Pj,81.7,7.8,2.63,3.11,0,0,21.4
264,39484,Sb,64.9,7.1,1.7,2.19,0,0,9.8
264,39485,Pj,64.1,7.7,2.02,1.55,0,0,20.2
264,39486,Pj,62.3,8.4,3.91,1.85,0,0,19
264,39487,Pj,48.9,8.7,2.67,2.44,0,0,21.8
264,39488,Pj,46.9,10.2,1.28,1.07,0,0,14.2
264,39489,Pj,46.8,10.5,2.36,2.31,0,0,17.8
264,39490,Sb,54.8,10,3.33,2.98,0,0,10.2
264,39491,Pj,113.9,2.6,1.83,1.71,0,0,19.9
264,39492,Pj,105,3,3.44,1.82,101,1.19,19.9
264,39493,Pj,105.3,4.3,1.17,0.99,0,0,12.7
264,39494,Pj,126.9,4,1.27,1.24,0,0,12
264,39495,Pj,129.1,4.3,2.04,1.39,0,0,10
264,39496,Pj,130.1,4.4,2.13,1.33,0,0,20
264,39497,Pj,126.8,4.4,NA,NA,0,0,16
264,39498,Pj,125.2,4.2,NA,NA,0,0,16
264,39499,Pj,94.5,6,1.5,1.25,0,0,16.5
264,39500,Pj,98.9,6.7,1.35,1.53,0,0,18.4
264,39501,Pj,96,9.4,1.47,2.01,0,0,20.7
264,39502,Pj,94.6,10.9,1.56,1.1,0,0,11.7
264,39503,Pj,92.2,10.2,3.47,1.7,0,0,10
264,39504,Pj,85.3,9.4,2.45,3.24,0,0,19.5
264,39505,Pj,124.5,7.2,3.41,1.7,0,0,17
264,39506,Pj,126.1,7.5,3.49,2.21,0,0,21.1
264,39507,Pj,112,8.6,2.44,1.83,0,0,21
264,39508,Pj,113.7,8.9,1.56,1.39,0,0,20.2
264,39509,Pj,125.5,9.4,2.35,1.84,0,0,20.2
264,39510,Pj,121.5,10.9,1.66,1.91,0,0,19
264,39511,Pj,106.6,10.5,2.32,1.68,0,0,20.9
264,39512,Pj,147,3.3,1.24,1.76,258,1.81,20.2
264,39513,Pj,171.4,2.8,2.63,3.12,0,0,21
264,39514,Pj,175.2,4.7,1.6,2.14,0,0,15
264,39515,Pj,162.3,5.2,2.61,1.86,0,0,18.6
264,39516,Pj,140.7,6.2,2.82,3.82,0,0,21.4
264,39517,Pj,156.5,7.4,3.24,3.13,0,0,21
264,39518,Pj,166.1,7.2,1.02,1.6,0,0,16
264,39519,Pj,181.4,7,2.81,2.37,163,1.63,17.3
264,39520,Pt,179.9,10.1,4.27,3.79,0,0,22.3
264,39521,Pt,178.5,10.3,2.16,1.12,0,0,5.2
264,39522,Pt,181.9,10.4,4.79,4.53,0,0,25.2
264,39523,Pj,195.5,1.2,2.02,1.31,0,0,17.9
264,39524,Pj,205,2.5,0.89,0.95,0,0,18.8
264,39525,Pj,198.5,8.3,2.87,1.66,0,0,21.1
264,39526,Pj,212.2,8.4,2.71,2.13,0,0,11.5
264,39527,Pj,211.2,9.5,3.83,3,0,0,22
264,39528,Pj,218.9,10.8,1.85,1.38,0,0,21.1
264,39529,Pj,202.8,11,1.14,2.27,0,0,21.5
264,39530,Pj,250.9,2.9,1.76,2.12,0,0,19
264,39531,Pj,220.5,3.4,1.88,1.14,0,0,15
264,39532,Pj,221.9,5.4,1.41,1.89,0,0,15
264,39534,Pj,261.3,4.9,1.7,1.99,0,0,19.6
264,39535,Pj,237.4,6.1,3.17,3.43,0,0,20.5
264,39536,Pj,234.5,6.6,1.09,1.08,0,0,12
264,39537,Pj,227.6,7.7,1.51,1.67,0,0,13.5
264,39538,Pj,222.3,9,2.36,4.04,0,0,20.9
264,39539,Pj,229.3,10.5,1.97,1.38,0,0,20.4
264,39540,Pj,242.1,8,1.77,1.87,0,0,18.7
264,39541,Pj,251.4,7.1,1.26,1.9,0,0,14.3
264,39542,Pj,261.9,6.7,2.21,1.7,0,0,19.2
264,39543,Pj,259.5,8.8,1.9,3,0,0,19.8
264,39544,Pj,249.5,9.7,3.85,3.87,0,0,21.9
264,39545,Pj,240.4,9.2,1.82,2.24,0,0,15.3
264,39546,Pj,266,4.7,1.08,2.05,262,1.59,17.7
264,39547,Pj,281.2,5.5,2.42,2.14,0,0,20.2
264,39548,Pj,305,4.2,3.28,3.22,0,0,18.9
264,39549,Pj,273.2,7.6,1.84,1.7,0,0,20.5
264,39550,Pj,276.9,7.6,1.47,1.69,0,0,17.9
264,39551,Pj,270.1,8.6,NA,NA,0,0,13.5
264,39552,Pj,276.3,9.8,2.73,2.22,0,0,20.5
264,39553,Pj,294,8.7,1.52,1.73,0,0,19.1
264,39554,Pj,304.9,8.2,1.03,1.27,0,0,18.6
264,39557,Pj,295.9,10.4,1.82,2.39,0,0,17.5
264,39558,Pj,273.8,9.1,2.14,2.14,0,0,20
264,39559,Pj,317.6,1.9,2.64,1.92,0,0,18.2
264,39560,Pj,337.9,3.3,1.6,1.96,0,0,17.3
264,39561,Pj,340.5,4.1,1.37,1.4,0,0,14
264,39562,Pj,344.6,5,1.95,1.65,0,0,17
264,39565,Pj,313.3,7.8,0.83,0.71,0,0,14.4
264,39566,Pj,311.5,8.8,1.39,1.61,0,0,18.3
264,39567,Pj,311.3,10.1,1.52,1.26,0,0,18.3
264,39568,Pj,327.1,7.5,1.08,1.24,0,0,14.4
264,39569,Pj,325.5,7.7,2.37,3.29,0,0,18.9
264,39570,Pj,321.8,8.7,1.16,0.97,0,0,20
264,39571,Pj,328.7,9,1.29,0.89,0,0,16.2
264,39572,Pj,340.6,8.4,4.1,2.5,0,0,19.3
264,39573,Pj,354.5,8,1.18,1.77,0,0,17.1
264,39574,Sb,357.8,8.9,2.16,2.5,0,0,8.7
264,39575,Pj,353.4,9,1.58,1.38,0,0,16.4
264,39576,Pj,336.7,9.9,1.57,1.8,0,0,16.6
264,39577,Pj,336.2,11.1,1.91,1.5,95,0.59,16.4
264,39563,Pj,321,5.9,1.55,1.7,0,0,16
264,39564,Pj,313,6.4,1.03,2.44,0,0,19.1
365,40439,Pj,14.7,4.5,1.56,1.13,0,0,16.5
365,40440,Pj,32.9,3.5,NA,NA,0,0,6
365,40441,Pj,17.6,6.5,2.19,2.2,0,0,22.7
365,40442,Pj,8.8,9.2,NA,NA,0,0,8.5
365,40443,Pj,16.5,9.4,NA,NA,0,0,13.5
365,40444,Pj,35.6,7.2,2.01,1.52,0,0,21.7
365,40445,Pj,72.6,3.7,1.27,1.73,0,0,22
365,40446,Sb,72.7,5.3,3.37,3.68,0,0,7.6
365,40447,Pj,76.4,7.1,NA,NA,0,0,17
365,40448,Pj,79.1,8.4,2.38,2.06,0,0,19.3
365,40449,Pj,79,9,2.45,1.94,0,0,23
365,40450,Pj,44.5,10.4,NA,NA,0,0,16
365,40451,Pj,79.5,10,3.53,2.19,258,4.99,22.5
365,40452,Pj,91.9,3.9,0.98,1.03,0,0,16.5
365,40453,Pj,120.4,4.9,2.59,2.97,0,0,24
365,40454,Pj,129.1,5.8,NA,NA,0,0,7.5
365,40455,Pj,120,10.9,2.32,2.29,0,0,8
365,40456,Bf,112.3,11,2.99,3.19,0,0,8.2
365,40457,Pj,152.5,6.3,2.69,3.07,0,0,22.9
365,40458,Sb,152.2,7.6,3.8,3.95,0,0,10.3
365,40459,Bf,137,7.7,2.27,2.54,0,0,7.5
365,40460,Bf,137.5,9,3.6,2.78,0,0,9.2
365,40461,Pj,137.9,7.5,1.93,2.23,0,0,22.3
365,40462,Bf,162,10.5,2.42,2.32,0,0,7.3
365,40463,Bw,159.9,10.7,2.44,2.23,0,0,6.3
365,40464,Pj,182.1,4,2.99,2.77,0,0,23.8
365,40465,Sw,179.4,5.4,2.3,2.03,0,0,7.1
365,40466,Bw,180.1,6.9,3.66,3.16,0,0,16.2
365,42907,Sb,189.9,8.2,3.41,3.27,0,0,8.7
365,42908,Pj,182.6,10.2,NA,NA,0,0,5.5
365,42909,Pj,179.8,11.2,1.44,1.42,0,0,23.8
365,42910,Sb,186.7,10.8,1.96,1.91,0,0,8.1
365,42911,Pj,205,6.6,2.17,1.27,0,0,17.5
365,42912,Pj,214.6,8.8,2.57,3.07,0,0,23.9
365,42913,Pj,213.6,5.1,1.82,1.93,0,0,7.4
365,42914,Sb,220.8,5.5,1.99,1.77,0,0,20.1
365,42915,Sb,221.3,3.7,2.5,2.09,0,0,7.8
365,42916,Sb,227,7.7,1.87,1.98,0,0,6.2
365,42917,Sb,225,11,3.09,3.54,0,0,9.5
365,42918,Pj,263.9,2.4,2.15,1.37,0,0,21.8
365,42919,Pj,261.3,3.1,4.04,2.79,0,0,23.5
365,42920,Sb,240.5,3.9,2.31,1.77,0,0,7.7
365,42921,Pj,226.5,5.6,1.6,1.47,0,0,20.6
365,42922,Pj,233.1,6.5,1.83,1.36,0,0,24.1
365,42923,Pj,240.3,8.1,0.8,1.2,0,0,14
365,42924,Pj,247.5,9,1.37,1.52,0,0,15.9
365,42925,Sb,258.5,6.8,3.29,3.31,0,0,10.4
365,42926,Pj,260.1,7.9,NA,NA,0,0,13.5
365,42927,Sb,270.1,8.7,3.09,2.97,0,0,9.6
365,42928,Bf,260.1,9.6,2.75,2.68,0,0,6.4
365,42929,Pj,259.9,10.2,2.25,2.09,0,0,22.9
365,42930,Pj,301.7,5.8,1.44,1.71,0,0,25
365,42931,Sb,290,7.1,2.47,2.19,0,0,6.8
365,42932,Pj,286,7.6,2.68,3.56,0,0,21
365,42933,Pj,356.4,1,1.24,1.26,0,0,19.4
365,42934,Pj,321.6,3.1,1.19,0.82,0,0,16
365,42935,Pj,311.8,4.5,2.41,1.1,0,0,20.8
365,42936,Pj,329.9,4.1,NA,NA,0,0,7
365,42937,Sb,343,4.1,2.17,1.97,0,0,7.5
365,42938,Sb,333.3,5.1,2.12,1.31,0,0,6.6
365,42939,Sb,337.6,5.6,1.92,1.51,0,0,7
365,42940,Sb,348,5.1,1.22,1.32,0,0,7
365,42941,Sb,327.8,6.2,2.61,2.32,0,0,7.9
365,42942,Pj,332.1,7.1,NA,NA,0,0,2
365,42943,Sb,332.5,7.4,2.05,2.1,0,0,6.4
365,42944,Sb,345.4,7.5,3.16,2.99,0,0,8
365,42945,Pj,307.7,9.8,2.51,2.68,0,0,21.7
365,42946,Bf,315,11.1,2.19,2.72,0,0,7.8
365,42947,Pj,344.6,10.9,3.46,2.49,0,0,24.8
201,46362,Sb,317,9.3,1.87,1.24,0,0,11.4
201,46363,Sb,329,9.7,1.34,1.49,0,0,10.9
201,46364,Sb,328,10.7,2.33,2.03,0,0,12.3
201,46366,Sb,347,10.8,0.97,0.8,25,0.67,11
201,46367,Sb,322.2,11.1,1.15,0.97,0,0,13.1
201,46368,Sb,147,9.7,1.35,1.52,0,0,10.9
201,44850,Sb,6.4,0.5,1.02,0.95,0,0,12.2
201,44851,Sb,9.3,1.4,0.86,0.8,0,0,12
201,44852,Sb,0.8,2.2,1.19,1.13,0,0,12.7
201,44853,Sb,20.1,1.3,1.61,1.75,0,0,11.1
201,44854,Sb,22.3,8.8,1.31,1.11,0,0,9.8
201,44855,Sb,22.5,9.3,1.18,1.32,0,0,14.8
201,44856,Sb,29.2,8.4,2.29,1.63,0,0,13
201,44857,Sb,36.8,8.6,1.49,1.1,0,0,12
201,44858,Sb,38.3,9.5,1.58,1.26,0,0,12.7
201,45967,Sb,28.5,10,1.41,1.13,0,0,11
201,45968,Sb,24.5,10.3,1.02,0.75,0,0,12.7
201,45969,Sb,21.3,9.9,2.8,2.49,0,0,9.2
201,45970,Sb,25.1,11,1.74,1.45,0,0,12.5
201,45971,Sb,30.1,11,1.35,1.39,0,0,10.5
201,45972,Sb,57.3,0.9,1.85,1.47,0,0,12.5
201,45973,Sb,45.6,1.5,1,1.03,0,0,12.5
201,45974,Sb,49.6,4.6,1.38,1.25,0,0,13.2
201,45975,Sb,52.6,5.2,1.83,1.24,0,0,10.6
201,45976,Sb,68.7,5,2.06,1.83,0,0,8.1
201,45977,Sb,68.8,5.6,1.28,1.27,0,0,14
201,45978,Sb,56.3,8.5,1.62,1.8,0,0,13.2
201,45979,Sb,53.3,8.8,1.51,1.24,0,0,12.8
201,45980,Sb,48.1,7.9,2.34,2,0,0,12.6
201,45981,Sb,43.9,8.4,1.18,1.21,0,0,11
201,45982,Sb,45.2,10.3,1.62,1.39,0,0,13.2
201,45983,Sb,49,10.8,0.85,1.2,0,0,11.1
201,45984,Sb,62.3,10.1,2,1.64,0,0,14
201,45985,Sb,71.9,10.6,1.86,2.17,0,0,11.9
201,45986,Sb,84.8,10.9,2.95,2.67,0,0,15.9
201,45987,Sb,123.1,1.7,1.83,1.63,0,0,10
201,45988,Sb,125.8,3.1,1.66,1.43,0,0,11.3
201,45989,Sb,127.6,5.1,1.65,1.87,0,0,9.3
201,45990,Sb,110.2,6.3,1.57,1.58,0,0,13.6
201,45991,Sb,103.3,6,1.05,1.08,0,0,10.1
201,45992,Sb,100.1,5.9,0.85,0.56,0,0,13.9
201,45993,Sb,94.2,5.7,1.61,1.63,0,0,14
201,45994,Sb,99,7.1,1.04,1.45,0,0,13.2
201,45995,Sb,105.3,8.2,1.46,0.97,0,0,13.2
201,45996,Sb,109.5,8.3,1.6,0.81,0,0,9.9
201,45997,Sb,133.2,7,1.59,1.45,0,0,10.7
201,45998,Sb,131.8,9.3,2.04,1.29,0,0,14.7
201,45999,Sb,123.5,9.7,1.94,1.82,0,0,13.7
201,46000,Sb,127.6,11.1,1.53,1.55,0,0,14.3
201,46001,Sb,106.3,10.1,2.13,1.65,0,0,12.2
201,46002,Sb,103.8,11.3,1.18,1.1,0,0,11.5
201,46003,Sb,91.2,8.3,1.28,2.21,0,0,11.3
201,46004,Sb,92.7,8.4,1.33,0.6,0,0,8.4
201,46005,Sb,95.2,10.3,1.14,0.96,0,0,12.1
201,46006,Sb,92.8,11.24,0.96,1.34,0,0,13.1
201,46007,Sb,148.7,2.2,1.31,0.99,0,0,12.8
201,46008,Sb,150.9,3,1.47,1.67,0,0,12.2
201,46009,Sb,158.8,4.4,1.12,1.39,0,0,10.2
201,46010,Sb,167.7,4.6,1.16,1.4,0,0,12.6
201,46011,Sb,167.5,4.6,1.48,1.52,0,0,10.9
201,46012,Sb,166.9,7.6,1.42,1.58,0,0,12.6
201,46013,Sb,149.9,7.3,1.21,1.17,0,0,9.4
201,46015,Sb,141.4,8.5,1.32,1.42,0,0,13.6
201,46016,Sb,143.3,10.4,1.42,1.15,0,0,11.6
201,46017,Sb,143.7,10.6,1.23,0.7,0,0,7.3
201,46018,Sb,155.1,11.1,2.68,2.43,0,0,3.5
201,46019,Sb,156.8,11.2,1.7,1.58,0,0,12.4
201,46020,Sb,178.4,10.5,1.75,1.64,0,0,10.8
201,46021,Sb,202.8,2.8,2.29,2.14,0,0,13
201,46022,Sb,202.4,3.7,1.86,1.29,0,0,8.6
201,46067,Sb,197.8,4,1.13,0.83,0,0,11.9
201,46068,Pt,205.9,4.2,1.26,1.59,218,1.21,11.7
201,46069,Sb,192.8,7,1.24,1.93,0,0,11.2
201,46070,Sb,199.2,7.5,1.44,1.43,0,0,13
201,46071,Sb,201.6,6.9,2.2,2.16,0,0,16.3
201,46072,Sb,217.5,8,0.78,1.2,0,0,12.1
201,46074,Sb,210,10.1,1.19,1.66,0,0,12.7
201,46073,Sb,217.1,10.1,2.12,1.65,0,0,13.5
201,46075,Sb,208.6,11,0.91,1.33,0,0,10.1
201,46076,Sb,196.7,9.3,1.64,1.53,0,0,7.7
201,46077,Sb,194.4,10.6,1.34,1.2,0,0,14.7
201,46078,Sb,198.1,11.2,1.24,1.46,0,0,11.6
201,46079,Sb,193.8,11.3,1.18,1.09,0,0,12.4
201,46080,Sb,244.8,3.6,0.96,1.05,0,0,11.4
201,46081,Sb,260.4,4.2,0.43,0.73,302,0.47,9.5
201,46082,Sb,237.4,5,1.55,1.45,0,0,12.9
201,46083,Sb,233.5,5.8,2.53,1.84,0,0,13.3
201,46084,Sb,224.3,7.8,1.26,1.09,0,0,14.2
201,46085,Sb,226.5,7.7,1.87,1.76,0,0,9.7
201,46086,Sb,250.9,7.6,1.78,1.76,0,0,13
201,46087,Sb,253.9,6.2,1.4,1.2,0,0,11.5
201,46088,Sb,270.3,5.4,3.11,2.67,0,0,14.4
201,46089,Sb,269.5,7.1,1.94,2.1,0,0,13.2
201,46090,Sb,267.3,10.5,2.25,2.38,0,0,10.5
201,46091,Sb,242.9,10.6,2.07,19.2,0,0,13.9
201,46092,Sb,225.4,10.8,1.44,1.6,0,0,10.3
201,46093,Sb,223.5,11.1,1.16,0.96,0,0,12.4
201,46094,Sb,310,3.2,1.2,1.63,0,0,10.2
201,46095,Sb,302.7,5.6,2.46,1.67,0,0,11.9
201,46096,Sb,311.2,7.4,2.16,2.08,0,0,14.9
201,46097,Sb,290,7.8,2.18,2.14,0,0,12.6
201,46098,Sb,289.6,8.2,2.09,1.2,0,0,12.3
201,46099,Sb,278.2,9.5,1.75,1.12,0,0,7.5
201,46100,Sb,279.4,9.5,1.48,1.69,0,0,13.6
201,46101,Sb,308.9,9.7,2.04,1.85,0,0,12.5
201,46102,Sb,310.9,9.8,1.9,1.18,0,0,12.5
201,46103,Sb,313.2,10.6,1.64,1.22,0,0,12.2
201,46104,Sb,326.2,2.3,1.67,1.47,0,0,13.6
201,46105,Sb,319.9,3.4,1.31,1.29,0,0,12.6
201,46106,Sb,335.9,3.6,1.58,1.65,0,0,14.6
201,46107,Sb,332.8,4.4,1.89,1.49,0,0,12.5
201,46108,Sb,316.6,4.7,1.56,1.22,0,0,10.9
201,46109,Sb,320.8,5.7,1.12,1.15,0,0,12
201,46356,Sb,335.2,5.6,0.99,1.03,0,0,11.8
201,46357,Sb,355.7,8.3,2.94,2.32,0,0,16.1
201,46358,Sb,346.7,9,2.94,2.13,0,0,14.4
201,46359,Sb,333,8.6,2.15,1.62,0,0,15.7
201,46360,Sb,325.4,9,1.71,0.73,0,0,10.4
201,46361,Sb,320.2,8.8,1.25,0.77,0,0,11.8
424,44401,Pt,29,0.47,1.77,1.9,0,0,9.6
424,44402,Sb,52.5,1.59,1.96,2.01,0,0,8.9
424,46654,Sb,46.8,1.7,2.05,2.04,0,0,9.1
424,46655,Bw,47.7,2.75,2.12,2.49,0,0,9.9
424,46656,Sb,5.5,4.25,2.35,2.24,0,0,9.3
424,46657,Sb,7.9,4.5,2.17,2.5,0,0,8.8
424,46658,Sb,19.8,4.43,1.82,1.94,0,0,8.2
424,46659,Sb,52.6,4.39,1.9,1.84,0,0,11.1
424,46660,Sb,54.8,4.81,2.2,2.21,0,0,8.5
424,46661,Bf,39.5,6.01,1.86,1.79,0,0,7.4
424,46662,Bf,38.9,6.12,1.91,1.92,0,0,6.6
424,46663,Pj,54.4,6.23,5.09,4.4,0,0,13.4
424,46664,Bf,7.4,7.51,2.05,2.1,0,0,8
424,46665,Bf,47.2,8.14,2.77,2.98,0,0,9.2
424,46666,Sb,43.9,8.47,2.9,2.38,0,0,8.6
424,46667,Sb,42.3,8.55,2.52,2.41,0,0,8.5
424,46668,Sb,40.4,8.61,1.74,1.12,0,0,8.1
424,46669,Sb,26.4,8.12,2.73,2.99,0,0,9
424,46670,Bf,22.3,8.53,2.24,2.2,0,0,6.9
424,46671,Bf,34,9.14,1.8,1.76,0,0,8.6
424,46672,Bf,34.9,9.16,1.81,1.74,0,0,8.2
424,46673,Sb,18.1,10.75,3.71,3.66,0,0,10.4
424,46674,Sb,17.2,10.94,3.9,4.1,0,0,10.8
424,46675,Sb,34.5,10.49,1.89,1.62,0,0,7.1
424,46676,Bw,62.9,11.21,2.46,2.41,0,0,8
424,46677,Bw,61.2,11.22,2.12,2.62,0,0,9.8
424,46678,Sb,80.8,2.96,2.56,1.91,0,0,8.9
424,46679,Sb,85.1,3.33,2.9,2.62,0,0,10.2
424,46680,Sb,90.6,5.48,2.08,2.15,0,0,9.3
424,46857,Bw,79,6.38,3.82,3.71,0,0,9.6
424,46858,Bf,74,8.41,2.46,2.31,0,0,8
424,46859,Bf,89.8,9.38,2.47,2.91,0,0,7.9
424,46860,Bf,88.2,9.83,2.34,2.71,0,0,8.1
424,46861,Sb,110.5,0.71,1.88,1.94,0,0,8.5
424,46862,Sb,118.5,2.71,2.38,2.51,0,0,9.2
424,46863,Bf,104.8,4.37,2.34,2.32,0,0,8.7
424,46864,Sb,103.2,4.74,2.14,2.46,0,0,7.2
424,46865,Sb,121.4,6.31,2.75,3.1,0,0,8.6
424,46866,Sb,120.9,6.59,3.16,2.22,0,0,9.3
424,46867,Sb,121.5,6.6,3.51,3.99,0,0,9.4
424,46868,Sb,109.7,6.48,2.17,2.1,0,0,8.8
424,46869,Sb,110.3,6.58,1.97,2,0,0,8.2
424,46870,Pj,100.4,7.98,2.36,2.15,0,0,7.5
424,46871,Bw,103.3,7.93,3.21,3.11,0,0,10.1
424,46872,Sb,106,8.18,2.66,2.96,0,0,9.7
424,46873,Sb,109.3,8.44,1.93,1.55,0,0,8.4
424,46874,Sb,136.3,8.07,2.52,2.65,0,0,9.1
424,46875,Sb,134.4,8.51,2.46,2.79,0,0,9.2
424,46876,Sb,132.3,9.21,2.48,2.43,0,0,9
424,46877,Bf,126.5,9.9,2.69,2.76,0,0,10.5
424,46878,Sb,132.1,10.22,2.05,1.95,0,0,9.4
424,46879,Sb,104.6,10,2.27,2.86,0,0,8.6
424,46880,Pj,99.9,10.62,3.08,3.15,0,0,9.2
424,46881,Sb,108.9,11.12,2.96,2.55,0,0,8.3
424,46882,Sb,150.7,3.59,3.4,3.82,0,0,9.8
424,46883,Sb,150.6,4.81,2.1,1.92,0,0,8.9
424,46884,Sb,163.3,4.83,2.82,3.06,0,0,11.4
424,46885,Sb,169.7,5.64,2.74,2.46,0,0,9.1
424,46886,Sb,162.7,6.24,1.86,2.77,0,0,8.7
424,46887,Sb,152.4,9.73,2.2,2.45,0,0,10.9
424,46888,Bf,151,10.6,2.93,3.33,0,0,8.9
424,46889,Pj,162.3,11.13,5.21,4.96,0,0,13.2
424,46890,Bw,171.2,11.41,3.48,3.03,0,0,9.9
424,46891,Sb,207.5,1.57,1.85,1.99,0,0,8.4
424,46892,Bf,173,6.74,2.32,2.56,0,0,7.3
424,46893,Sb,220.2,8.34,2.14,2.72,0,0,6.9
424,46894,Sb,197.7,9.67,2.56,1.26,0,0,10.7
424,46895,Sb,197.9,9.83,0.82,0.51,0,0,6.5
424,46896,Sb,197,9.95,2.8,0.99,0,0,10.4
424,46897,Sb,196.8,10.33,3.02,1.55,0,0,10.4
424,46898,Sb,186.1,10.18,1.51,1.55,0,0,8.5
424,46899,Sb,175.3,11.31,2.14,2.41,0,0,10.1
424,46900,Bw,222.2,11.44,2.36,2.39,0,0,7.6
424,46901,Sb,236.6,4.78,2.57,3.16,0,0,10.2
424,46902,Sb,228.5,7.17,3.02,3.66,0,0,10.9
424,46903,Sb,293,2.79,2.16,2.01,0,0,9.4
424,46904,Sb,297.5,2.83,1.53,1.11,0,0,9.1
424,46905,Sb,295.6,3.05,2.25,2.51,0,0,8.7
424,46906,Sb,262.8,4.34,2.35,2.98,0,0,10.4
424,46908,Bw,299.8,5.46,2.26,1.55,0,0,7.7
424,46909,Bw,291,5.45,2.35,2.3,0,0,9.9
424,46910,Sb,298.3,6.63,2.96,3.5,0,0,8.4
424,46911,Sb,284.6,6.67,2.7,2.99,0,0,9.3
424,46912,Sb,281.1,6.58,2.18,2.42,0,0,9
424,46913,Bw,276.7,7.43,1.91,1.87,0,0,8.3
424,46914,Bw,278.3,7.59,1.78,2.01,0,0,8.4
424,46915,Sb,270,7.95,2.06,1.74,0,0,6.2
424,46916,Sb,302.7,10.17,2.74,1.99,0,0,9.4
424,46917,Sb,269,10.48,2.44,2.5,0,0,7.5
424,46918,Sb,327.2,1.41,2.7,2.59,0,0,9.5
424,46919,Sb,311.8,4.02,2.47,2.22,0,0,8.4
424,46920,Sb,359.9,8.02,1.5,1.46,309,2.6,6.5
424,46921,Bw,352.4,8.81,1.94,2.22,0,0,8.3
424,46922,Bw,347.9,9.24,3.99,2.06,0,0,8.4
424,46923,Bw,340.8,8.9,3.35,3.01,0,0,8.8
424,46924,Sb,345.1,9.39,2.09,1.97,0,0,6.8
424,46925,Sb,327.4,10.16,2.4,2.45,0,0,9.1
424,46926,Sb,326.8,10.92,1.55,0.97,0,0,8.1
424,46927,Sb,331.1,11.27,2.2,1.92,0,0,8.8
424,46928,Sb,333,11.26,2.03,2.52,0,0,8.3
424,46929,Bf,359.8,10.49,2.05,2.16,0,0,8
188,48237,Sb,11.4,4.3,1.94,1.51,0,0,8.1
188,48240,Sb,10.8,5.5,2.26,1.99,0,0,7.9
188,48241,Sb,30.1,5.4,1.98,1.67,0,0,7.8
188,48248,Sb,48.1,8.4,2.24,2.21,0,0,7
188,48250,Pj,46.2,9.5,5.48,5.33,0,0,12.5
188,48253,Sb,35.1,9.6,2.91,2.35,0,0,9.2
188,48254,Sb,33.6,9.5,2.87,2.77,0,0,9.8
188,48262,Pj,21.6,9,6.57,6.47,0,0,15.5
188,48269,Sb,4.3,8,1.93,1.51,0,0,7.7
188,48335,Sb,2.9,8.8,2.05,1.84,0,0,8.2
188,48340,Sb,67.7,0.8,2.88,2.69,0,0,10
188,48342,Sb,60.8,2.5,1.73,1.58,0,0,9.2
188,48346,Sb,60.9,5.3,1.92,1.53,0,0,8.7
188,48348,Sb,53.3,5.5,1.82,1.45,0,0,7.9
188,48350,Sb,55.4,6,1.64,1.89,0,0,9
188,48352,Sb,67.1,6.1,2.05,1.78,0,0,10.3
188,48354,Sb,66.8,6.5,2.5,1.72,0,0,10.1
188,48355,Pj,59.6,7.2,1.82,1.28,0,0,9.7
188,48356,Sb,63,7.1,1.96,1.44,0,0,8.8
188,48357,Sb,60,7.5,2.22,2,0,0,8.5
188,48364,Sb,75.1,9.3,1.84,1.4,0,0,8.5
188,48365,Sb,74.2,9.4,2.33,1.4,0,0,9.7
188,48372,Sb,91.5,9.6,1.89,1.6,0,0,8.8
188,48373,Sb,92.8,9.4,2.35,2.23,0,0,9
188,48420,Sb,94.4,9.8,2.08,1.18,0,0,9.3
188,48422,Sb,116.3,3.6,2.38,2.37,0,0,10
188,48424,Sb,112.9,5.1,2.2,2.27,0,0,10.4
188,48425,Sb,127.5,6.3,2.89,2.5,0,0,11.1
188,48426,Sb,125.5,7.1,2.36,1.62,0,0,9.7
188,48427,Sb,124.2,8,2.84,2.79,0,0,11.4
188,48428,Sb,118.1,8,2.49,1.3,0,0,10.4
188,48429,Sb,114.2,8.1,1.98,0.94,0,0,10.8
188,48430,Sb,104.7,8.4,1.62,1.57,0,0,10.3
188,48431,Sb,111.6,8.7,2.27,2.07,0,0,11.5
188,48432,Sb,100.8,9.7,2.08,1.74,0,0,9.5
188,48434,Sb,122.7,10.1,2.74,2.75,0,0,11.3
188,48435,Sb,157.4,2.9,2.38,1.94,0,0,9.7
242,49981,Pj,189,0.2,3.02,1.99,0,0,19
242,49982,Sb,219.8,4,3.03,1.94,0,0,12.5
242,49983,Sb,213.2,4.4,1.9,2.51,0,0,16.7
242,49984,Sb,207.5,4.5,3.22,2.17,0,0,14.8
242,49985,Sb,185,5.6,2.86,3.15,0,0,16.8
242,49986,Sb,191,7,3.19,2.11,0,0,14.4
242,49987,Sb,221.4,5.8,3.38,2.79,0,0,17.7
242,49988,Sb,199.5,8.7,3.08,2.73,0,0,17
242,49989,Sb,191,10.9,2.31,2.33,0,0,11.6
242,49991,Sb,241.6,2.1,2.36,3.33,0,0,15.2
242,49993,Pj,253.7,4.9,4.03,3.49,0,0,20.8
242,49994,Sb,246.3,5,2.18,1.71,0,0,15.1
242,49995,Pj,240.3,6.4,2.72,2.67,0,0,20
242,49996,Pj,245.7,7,3.15,3.01,0,0,17
242,49997,Pj,264.7,7.9,2.97,2.57,0,0,16.7
242,49999,Sb,250.6,10.4,2.59,3.47,0,0,14.1
242,50000,Sb,258.4,10.9,3.16,2.73,0,0,15.8
242,50001,Sb,278.7,2.3,2.48,2.14,0,0,16.6
242,50002,Sb,311,3.5,3.28,2.85,0,0,20
242,50003,Sb,281.1,4,2.63,2.3,0,0,15.4
242,50005,Pj,284.5,6.5,2.54,2.62,0,0,19.8
242,50006,Sb,298.1,5.6,2.86,2.87,0,0,14.5
242,50007,Pj,302.3,6,3.22,2.78,0,0,21.3
242,50008,Pj,310.4,7,2.49,2.66,0,0,19.6
242,50009,Pj,297.3,8.4,NA,NA,0,0,14
242,50010,Sb,291.8,8.1,2.68,2.06,0,0,17.4
242,50011,Sb,286.6,8.4,2.53,2.25,0,0,10.8
242,50012,Sb,289.4,9.3,2.19,2.5,0,0,12.7
242,50013,Sb,272,9.3,3.28,2.86,0,0,16.3
242,50014,Sb,269.3,10,2.96,2.56,0,0,13.1
242,50015,Pj,295.5,10.7,4.01,3.85,0,0,19.8
242,50016,Sb,297.5,10.2,3.35,3.16,0,0,15.2
242,50018,Sb,311.2,10.7,4.08,2.81,0,0,13.9
242,50019,Sb,356,5.8,1.66,1.81,0,0,12.3
242,50020,Sb,353,6.4,2.31,2.43,0,0,14.9
242,50021,Sb,330.5,8,1.95,2.35,0,0,14.6
242,50022,Sb,327.2,8.4,2.54,2.14,0,0,19.1
242,50023,Sb,347,9.6,3.18,3.44,0,0,16.7
242,50024,Pj,334.5,11.1,4.44,3.62,0,0,21.3
242,50025,Sb,337.9,11,2.77,2.66,0,0,18.5
242,50026,Sb,349,11.1,4.87,4.28,0,0,11.6
188,48436,Sb,159.7,2.2,1.89,1.95,0,0,9.3
188,48437,Pj,148.4,3.09,5.33,4.87,0,0,14.1
188,48438,Sb,140,3.47,1.85,1.89,0,0,9.1
188,48443,Sb,167,8.86,3.23,2.76,0,0,10.6
188,48444,Sb,160,10.51,2.65,2.76,0,0,10.3
188,48445,Sb,161,10.25,2.58,1.78,0,0,11.2
188,48446,Sb,165,9.94,2.91,1.7,0,0,10.3
188,48448,Sb,173,10.24,2.75,1.73,0,0,10.4
188,48449,Sb,173,10.46,1.68,1.29,0,0,10.2
188,48451,Sb,177,10.51,1.52,1.5,0,0,10.6
188,48453,Sb,207,1.29,1.55,0.97,0,0,10.2
188,48454,Sb,227,1.26,1.58,0.93,0,0,9.9
188,48455,Sb,215,1.43,1.61,1.53,0,0,9.9
188,48458,Sb,180,1.97,1.85,1.34,0,0,9.6
188,48725,Sb,226,6.12,1.86,1.58,0,0,10.3
188,48726,Sb,229,6.46,1.94,1.19,0,0,7.9
188,48732,Sb,224,9.32,2.69,2.29,0,0,11.7
188,48734,Sb,215,9.1,4.05,3.52,0,0,13.4
188,48735,Sb,190,11.07,1.87,1.71,0,0,9.4
188,48737,Sb,255,3.01,2.77,3.02,0,0,10.7
188,48738,Bf,230,4.27,2.12,1.81,0,0,8.6
188,48739,Sb,230,5.7,2.03,1.52,0,0,10.3
188,48740,Sb,240,6.43,1.83,2.26,0,0,10.1
188,48741,Sb,238,6.69,2,1.75,0,0,9.5
188,48742,Sb,242,6.84,1.97,2.1,0,0,10.5
188,48744,Pw,232,10.55,5.99,4.36,0,0,9.8
188,48745,Pw,232,10.75,5.38,5.72,0,0,10.9
188,48752,Sb,245,9.58,2.22,2.46,0,0,8.2
188,48754,Sb,247,10.03,2.23,2.27,0,0,10
188,48756,Sb,259,10.61,2.48,2.6,0,0,9.9
188,48757,Sb,275,7.85,2.42,2.41,0,0,9.9
188,48758,Pj,268,10.52,4.52,4.54,0,0,14.2
188,48759,Pj,269,10.36,4.42,4.88,0,0,12.3
188,48760,Sb,296,2.55,2,2.01,0,0,8.3
188,48766,Sb,284,4.63,3.11,2.35,0,0,10.1
188,49035,Bf,292,5.88,2.29,2.32,0,0,10.6
188,49038,Sb,307,8.96,2.25,1.66,0,0,8.9
188,49040,Sb,315,10.09,2.98,2.47,0,0,10.6
188,49041,Sb,309,10.12,2.54,1.93,0,0,9.6
188,49042,Sb,313,11.02,1.76,1.63,0,0,9.2
188,49043,Pj,301,11.13,5.99,4.57,0,0,16.4
188,49048,Sb,334,2.9,1.51,1.54,0,0,8.5
188,49053,Sb,335,4.19,1.85,1.7,0,0,8.8
188,49061,Sb,352,3.68,2.29,1.6,0,0,10.2
188,49064,Sb,353,5.22,1.71,1.44,0,0,8
188,49065,Sb,353,5.56,1.73,1.69,0,0,8.5
188,49067,Sb,354,7.03,2.39,2.06,0,0,8.8
188,49069,Sb,345,7.34,2.17,1.9,0,0,9.9
188,49070,Sb,330,7.88,2.88,2.86,0,0,9.7
188,49073,Sb,320,8.1,2.85,2.75,0,0,9.2
188,49074,Sb,325,10.79,1.32,1.86,0,0,8.5
188,49075,Sb,327,10.69,2.05,1.5,0,0,8.1
188,49076,Sb,330,10.73,1.84,1.39,0,0,7.6
188,49080,Sb,351,10.2,1.93,1.79,0,0,8.8
188,49081,Sb,353,11.14,2.21,2.33,0,0,9.4
198,48998,Sb,27.2,0.8,2.68,2.08,0,0,13.8
198,49000,Sb,33.1,2.9,2.31,2.13,0,0,10.6
198,49001,Sb,359.9,3.2,1.94,2.07,0,0,9.8
198,49004,Sb,15.4,4.5,1.87,1.67,0,0,10.3
198,49006,Pj,13,5.6,2.3,2.35,0,0,14.2
198,49008,Sb,34.8,6,2.6,1.94,0,0,11.1
198,49009,Sb,42.3,6.7,2.3,2.12,0,0,11.2
198,49012,Sb,43.4,9,2.28,1.98,0,0,9.1
198,49015,Sb,359.3,10.7,2.51,2.42,0,0,14.6
198,49016,Sb,5.9,11.2,2.8,1.53,74,1.92,15.1
198,49018,Sb,14.6,8.8,2.42,2.3,0,0,14.1
198,49020,Sb,20.3,9.2,2.15,1.71,0,0,13.5
198,49021,Sb,20.6,9.4,1.68,2.21,0,0,15.3
198,49025,Sb,26.4,9.9,2.18,2.38,0,0,9.7
198,49026,Sb,25.4,10.8,2.29,1.38,0,0,13.6
198,49027,Sb,25.6,11,1.47,0.95,0,0,9.2
198,49028,Sb,37.3,10.5,2.72,2.48,0,0,8.8
198,49030,Sb,53.3,2.3,2.62,2.33,0,0,12.6
198,49033,Sb,59.1,3.3,2.29,1.51,0,0,11.8
198,49521,Sb,81.5,4.3,2.28,2.22,0,0,11.3
198,49522,Sb,69.3,4.9,2.04,2.02,0,0,11
198,49524,Sb,56.1,5.4,2.02,1.78,0,0,12.7
198,49528,Sb,47.4,6.6,2.08,2.21,0,0,11.8
198,49529,Sb,52.3,7.7,2.23,2.18,0,0,11.6
198,49530,Sb,59,7.9,3.04,2.3,0,0,7.4
198,49531,Sb,66,7.4,2.88,2.1,0,0,8.6
198,49532,Sb,71.6,8.3,2.72,2.05,0,0,9.9
198,49535,Sb,68,9.6,2.07,1.82,0,0,7.6
198,49536,Sb,46.2,10.2,2.08,1.91,0,0,10.6
198,49537,Sb,82.7,11.2,2.35,2.33,0,0,9.8
198,49538,Sb,93.3,10.2,2.33,1.69,0,0,8
198,49541,Sb,120,4.8,5.3,5.3,0,0,21.6
198,49432,Sb,120,6.4,3.87,4.02,0,0,20.3
198,49434,Sb,137.9,8.3,2.5,2.44,0,0,11.1
198,49436,Sb,103.9,8.5,3.51,3.22,0,0,13.7
198,49437,Sb,106.5,8.4,3.69,2.44,0,0,11.3
198,49438,Sb,120.4,9.7,2.79,2.17,0,0,10.8
198,49440,Sb,100,10.2,2.55,3.03,0,0,15
198,49443,Sb,146,1.6,2.73,2.14,0,0,9.7
198,49445,Sb,168.2,3.2,3.45,3.44,0,0,14.5
198,49446,Sb,169.4,3.5,3.23,2.06,0,0,14.6
198,49448,Sb,173.6,4.2,3.79,2.95,0,0,14.2
198,49452,Sb,152.1,6.2,2.52,2.63,0,0,11.5
198,49454,Sb,147.1,7.7,2.75,2.74,0,0,11.1
198,49455,Sb,154,8.3,2.84,2.46,0,0,7.9
198,49457,Pj,153.4,9.4,4.99,5.55,0,0,16.8
198,49458,Sb,174.8,9,3.8,3.31,0,0,13.9
198,49460,Sb,176.7,10.9,2.39,2.07,0,0,10.9
198,49461,Sb,206.4,2.8,2.7,3.66,0,0,16.8
198,49462,Sb,187,3.2,4.24,3.24,0,0,14
198,49464,Sb,199.6,3.7,2.57,1.93,0,0,13
198,49466,Sb,196.4,4.8,2.05,1.96,0,0,13.1
198,49467,Sb,180.9,4.7,3.07,3.02,0,0,15.7
198,49472,Sb,186.8,8.8,2.43,2.69,0,0,11.5
198,49473,Sb,182.7,9.8,1.96,1.88,0,0,10.6
198,49475,Sb,194.2,11,3.3,2.65,0,0,10.2
198,49542,Sb,203.5,10,4.1,4.36,0,0,20.2
198,49543,Sb,216.7,10.6,2.11,2.21,0,0,8.9
198,49545,Sb,218.5,0.7,2.1,2.21,0,0,6.8
198,49550,Sb,233.9,6.8,2.36,2.75,0,0,11.6
198,49551,Sb,234.1,7.2,2.3,1.64,0,0,11.3
198,49553,Sb,224.1,7.9,2.06,2.12,0,0,11.1
198,49554,Sb,233,8.5,2.19,1.79,0,0,10.7
198,49557,Sb,260.4,6.6,2.63,2.74,0,0,11.3
198,49558,Sb,265.3,9.8,3,2.36,0,0,12
198,49559,Sb,258.6,9.8,2.87,2.11,0,0,8.2
198,49561,Sb,231.3,9.6,2.71,2.55,0,0,12.7
198,49563,Sb,248.4,9.8,3.06,2.75,0,0,16.3
198,49564,Sb,241.1,11.1,2.61,2.25,0,0,11.4
198,49477,Sb,272.8,4.4,2.59,2.48,0,0,12.7
198,49480,Sb,295.2,6.1,2.8,2.55,0,0,11.2
198,49481,Sb,313.6,7,3.36,3.44,0,0,12.3
198,49482,Sb,301.4,8.8,2.33,2.5,0,0,6.5
198,49483,Sb,292.3,8.5,2.68,2.37,0,0,12.1
198,49484,Sb,280.5,7.1,2.24,2.21,0,0,12.7
198,49487,Sb,271.9,10.1,2.79,2.49,0,0,11.3
198,49489,Sb,279.5,10.7,2.79,2.44,0,0,8.3
198,49490,Sb,307.4,9.5,2.81,3.16,0,0,18.1
198,49491,Sb,304.7,10,3.17,3.18,0,0,10.4
198,49492,Sb,309.1,11.2,2.68,1.59,0,0,18
198,49494,Sb,321.5,3.5,2.04,1.61,0,0,9.2
198,49495,Sb,354.1,3.9,2.7,2.67,0,0,11.6
198,49497,Sb,351.2,4.9,2.2,2.34,0,0,13.1
198,49498,Sb,350.6,5.8,2.25,1.93,0,0,8.4
198,49499,Sb,359.9,7.3,2.36,4.86,57,3.98,8.5
198,49501,Sb,319.8,7.8,3.37,3.13,0,0,19.4
198,49503,Sb,324.9,8,2.61,1.28,0,0,16.4
198,49504,Sb,329.6,8,2.73,2.59,0,0,18.7
198,49505,Sb,329.9,8.2,3.04,1.29,0,0,19.2
242,49745,Sb,7,1.96,2.67,3.03,0,0,13.8
242,49746,Pj,50.7,3,3.21,2.02,0,0,20
242,49747,Sb,42.6,3.5,3.55,2.9,0,0,15.7
242,49749,Sb,8,4.5,2.83,2.61,0,0,17.7
242,49750,Sb,11,4.6,2.6,2.46,0,0,13.8
242,49751,Pj,44,4.6,3.59,2.97,0,0,20.6
242,49752,Sb,32.9,6.7,3.23,2.98,0,0,16
242,49754,Sb,18,7.7,2.9,2.66,0,0,17.9
242,49755,Sb,359,8.4,2.77,2.63,0,0,12.8
242,49757,Pj,9,8.6,NA,NA,0,0,14.9328075645482
242,49758,Sb,21,8.8,2.38,2.07,0,0,14.4
242,49759,Sb,23,9.7,2.62,2.29,0,0,17.3
242,49760,Sb,38,8.7,2.39,2.27,0,0,18.2
242,49761,Sb,55.8,10.8,2.56,2.09,0,0,15.9
242,49763,Sb,79.2,2.1,2.52,2.17,0,0,16.3
242,49764,Sb,87.8,3.7,3.53,2.74,0,0,14.2
242,49765,Sb,64.4,5.6,2.87,3.1,0,0,10.2
242,49766,Sb,83.3,6,2.93,3.02,0,0,16.1
242,49767,Sb,61.7,7.6,4.22,4.02,0,0,21.5
242,49768,Pj,73.5,7.8,3.59,2.93,0,0,18.8
242,49770,Pj,73.4,9,3.14,2.21,0,0,21.9
242,49771,Pj,63.2,10.2,2.61,2.73,0,0,20.8
242,49772,Sb,63.5,10.4,3.23,2.98,0,0,8.7
242,49773,Sb,86.4,9.3,2.66,1.96,0,0,14.4
242,49774,Sb,86.4,10.9,2.55,2.33,0,0,16.3
242,49776,Pj,97.6,2.1,NA,NA,0,0,16.5
242,49777,Pj,122,2.1,2,2.31,0,0,19.9
242,49778,Sb,136.8,3.5,2.98,2.45,0,0,14.4
242,49780,Pj,103.3,4.1,3.1,1.8,0,0,16
242,49782,Pj,98,4.7,3.25,2.74,0,0,20.4
242,49784,Sb,136.2,5.3,2.65,2.86,0,0,15.5
242,49785,Pj,137.3,5.5,NA,NA,0,0,14.5
242,49786,Pj,114.6,8,3.01,2.24,152,1.49,18.1
242,49963,Pj,104.7,8.7,NA,NA,0,0,13
242,49964,Sb,92.8,9.5,3.12,2.77,0,0,18
242,49965,Sb,104.8,9.9,3.06,2.37,0,0,14.6
242,49966,Sb,115.5,10.1,2.48,1.84,0,0,11.5
242,49967,Pj,167,4.2,4.85,5.09,0,0,21.3
242,49968,Pj,142.4,4.6,1.93,1.71,0,0,15.5
242,49970,Sb,153,5.1,2.92,2.15,0,0,15.7
242,49971,Sb,147.6,6,2.31,3.32,0,0,18.3
242,49973,Sb,176,6.5,2.08,2.11,0,0,12.7
242,49975,Sb,172,7,2.48,1.88,0,0,11.6
242,49976,Pj,179,9.9,5.01,5.03,0,0,17.9
242,49977,Sb,153,8.5,2.78,2.38,0,0,15.5
242,49978,Pj,142.3,8.3,2.59,2.09,0,0,16.7
242,49979,Sb,143.9,9.4,3.41,2.69,0,0,20.4
242,49980,Sb,148.7,10.1,2.09,2.66,0,0,16.1
